{
    "holdout_climate": {
        "mean": {
            "train_f1": 0.8889466320207875,
            "train_precision": 0.8889466320207875,
            "train_recall": 0.8889466320207875,
            "valid_f1": 0.35704874835309613,
            "valid_precision": 0.3570487483530962,
            "valid_recall": 0.3570487483530962
        }
    },
    "holdout_deathpenalty": {
        "mean": {
            "train_f1": 0.9092797507290377,
            "train_precision": 0.9092797507290377,
            "train_recall": 0.9092797507290377,
            "valid_f1": 0.42308710616891715,
            "valid_precision": 0.42308710616891715,
            "valid_recall": 0.42308710616891715
        }
    },
    "holdout_guncontrol": {
        "mean": {
            "train_f1": 0.9631744781410004,
            "train_precision": 0.9631744781410004,
            "train_recall": 0.9631744781410004,
            "valid_f1": 0.4089197458225465,
            "valid_precision": 0.4089197458225465,
            "valid_recall": 0.4089197458225465
        }
    },
    "holdout_immigration": {
        "mean": {
            "train_f1": 0.9315633457919835,
            "train_precision": 0.9315633457919835,
            "train_recall": 0.9315633457919835,
            "valid_f1": 0.3994216519067414,
            "valid_precision": 0.3994216519067414,
            "valid_recall": 0.3994216519067414
        }
    },
    "holdout_samesex": {
        "mean": {
            "train_f1": 0.9047235857407259,
            "train_precision": 0.9047235857407259,
            "train_recall": 0.9047235857407259,
            "valid_f1": 0.564206268958544,
            "valid_precision": 0.564206268958544,
            "valid_recall": 0.564206268958544
        }
    },
    "holdout_tobacco": {
        "mean": {
            "train_f1": 0.8995265855471654,
            "train_precision": 0.8995265855471654,
            "train_recall": 0.8995265855471654,
            "valid_f1": 0.4687788372808367,
            "valid_precision": 0.4687788372808367,
            "valid_recall": 0.4687788372808367
        }
    },
    "mean": {
        "train_f1": 0.9162023963284501,
        "train_precision": 0.9162023963284501,
        "train_recall": 0.9162023963284501,
        "valid_f1": 0.4369103930817803,
        "valid_precision": 0.4369103930817803,
        "valid_recall": 0.4369103930817803
    }
}