,train_f1,train_precision,train_recall,valid_f1,valid_precision,valid_recall
holdout_climate,0.8889466320207875,0.8889466320207875,0.8889466320207875,0.35704874835309613,0.3570487483530962,0.3570487483530962
holdout_deathpenalty,0.9092797507290377,0.9092797507290377,0.9092797507290377,0.42308710616891715,0.42308710616891715,0.42308710616891715
holdout_guncontrol,0.9631744781410004,0.9631744781410004,0.9631744781410004,0.4089197458225465,0.4089197458225465,0.4089197458225465
holdout_immigration,0.9315633457919835,0.9315633457919835,0.9315633457919835,0.3994216519067414,0.3994216519067414,0.3994216519067414
holdout_samesex,0.9047235857407259,0.9047235857407259,0.9047235857407259,0.564206268958544,0.564206268958544,0.564206268958544
holdout_tobacco,0.8995265855471654,0.8995265855471654,0.8995265855471654,0.4687788372808367,0.4687788372808367,0.4687788372808367
mean,0.9162023963284501,0.9162023963284501,0.9162023963284501,0.4369103930817803,0.4369103930817803,0.4369103930817803
