{
    "train_acc": 0.6045589692765114,
    "valid_acc": 0.5794444444444444
}