,train_acc,valid_acc
mean,0.6045589692765114,0.5794444444444444
