{
    "train_f1": 0.7469622595960409,
    "train_precision": 0.7469622595960409,
    "train_recall": 0.7469622595960409,
    "valid_f1": 0.6231041456016178,
    "valid_precision": 0.6231041456016178,
    "valid_recall": 0.6231041456016178
}