,train_f1,train_precision,train_recall,valid_f1,valid_precision,valid_recall
mean,0.7469622595960409,0.7469622595960409,0.7469622595960409,0.6231041456016178,0.6231041456016178,0.6231041456016178
