{
    "climate": {
        "mean": {
            "f1": 1.0,
            "precision": 1.0,
            "recall": 1.0
        }
    },
    "deathpenalty": {
        "mean": {
            "f1": 1.0,
            "precision": 1.0,
            "recall": 1.0
        }
    },
    "guncontrol": {
        "mean": {
            "f1": 0.9995293010120028,
            "precision": 0.9995293010120028,
            "recall": 0.9995293010120028
        }
    },
    "immigration": {
        "mean": {
            "f1": 0.9983733959877101,
            "precision": 0.9983733959877101,
            "recall": 0.9983733959877101
        }
    },
    "samesex": {
        "mean": {
            "f1": 1.0,
            "precision": 1.0,
            "recall": 1.0
        }
    },
    "tobacco": {
        "mean": {
            "f1": 1.0,
            "precision": 1.0,
            "recall": 1.0
        }
    },
    "mean": {
        "f1": 0.9996504494999522,
        "precision": 0.9996504494999522,
        "recall": 0.9996504494999522
    }
}