,f1,precision,recall
climate,1.0,1.0,1.0
deathpenalty,1.0,1.0,1.0
guncontrol,0.9995293010120028,0.9995293010120028,0.9995293010120028
immigration,0.9983733959877101,0.9983733959877101,0.9983733959877101
samesex,1.0,1.0,1.0
tobacco,1.0,1.0,1.0
mean,0.9996504494999522,0.9996504494999522,0.9996504494999522
