{
    "train_f1": 0.825748502994012,
    "train_precision": 0.949724517906336,
    "train_recall": 0.7304025423728814,
    "valid_f1": 0.31719655394426216,
    "valid_precision": 0.6820938818565401,
    "valid_recall": 0.20664722566212598,
    "valid_acc": 0.4240802141173651
}