{
    "train_f1": 0.7733359984009595,
    "train_precision": 0.7733359984009595,
    "train_recall": 0.7733359984009595,
    "valid_f1": 0.4018445322793149,
    "valid_precision": 0.4018445322793149,
    "valid_recall": 0.4018445322793149
}