,train_f1,train_precision,train_recall,valid_f1,valid_precision,valid_recall
mean,0.7733359984009595,0.7733359984009595,0.7733359984009595,0.4018445322793149,0.4018445322793149,0.4018445322793149
