{
    "holdout_climate": {
        "mean": {
            "train_f1": 0.5644996504812604,
            "train_precision": 0.861904761904762,
            "train_recall": 0.4196849764132086,
            "valid_f1": 0.3044276678228933,
            "valid_precision": 0.674502712477396,
            "valid_recall": 0.19657444005270092,
            "valid_acc": 0.4824769433465086
        }
    },
    "holdout_deathpenalty": {
        "mean": {
            "train_f1": 0.5738916256157636,
            "train_precision": 0.8699675324675324,
            "train_recall": 0.4281719399169064,
            "valid_f1": 0.41041104586573557,
            "valid_precision": 0.5122820919175911,
            "valid_recall": 0.34233518665607626,
            "valid_acc": 0.4207042626423087
        }
    },
    "holdout_guncontrol": {
        "mean": {
            "train_f1": 0.5894901144640999,
            "train_precision": 0.8681992337164751,
            "train_recall": 0.4462386766443482,
            "valid_f1": 0.45474759120480934,
            "valid_precision": 0.7574759945130316,
            "valid_recall": 0.3248999764650506,
            "valid_acc": 0.5470698987997176
        }
    },
    "holdout_immigration": {
        "mean": {
            "train_f1": 0.5788237988890798,
            "train_precision": 0.8676394849785408,
            "train_recall": 0.43426705619522254,
            "valid_f1": 0.2858411007545495,
            "valid_precision": 0.7879282218597063,
            "valid_recall": 0.17458883065244896,
            "valid_acc": 0.47713717693836977
        }
    },
    "holdout_samesex": {
        "mean": {
            "train_f1": 0.5692746755694362,
            "train_precision": 0.8603515625,
            "train_recall": 0.4253641264987527,
            "valid_f1": 0.5564127290260367,
            "valid_precision": 0.763901147396293,
            "valid_recall": 0.43756319514661274,
            "valid_acc": 0.5859453993933266
        }
    },
    "holdout_tobacco": {
        "mean": {
            "train_f1": 0.5956921811545777,
            "train_precision": 0.868145040455499,
            "train_recall": 0.45340010955473825,
            "valid_f1": 0.4496344435418359,
            "valid_precision": 0.661685594739988,
            "valid_recall": 0.3405106121193479,
            "valid_acc": 0.5346047370039988
        }
    },
    "mean": {
        "train_f1": 0.578612007695703,
        "train_precision": 0.8660346026704682,
        "train_recall": 0.4345211475371962,
        "valid_f1": 0.41024576303597676,
        "valid_precision": 0.6929626271506678,
        "valid_recall": 0.30274537351537295,
        "valid_acc": 0.5079897363540383
    }
}