,train_f1,train_precision,train_recall,valid_f1,valid_precision,valid_recall,valid_acc
holdout_climate,0.5644996504812604,0.861904761904762,0.4196849764132086,0.3044276678228933,0.674502712477396,0.19657444005270092,0.4824769433465086
holdout_deathpenalty,0.5738916256157636,0.8699675324675324,0.4281719399169064,0.41041104586573557,0.5122820919175911,0.34233518665607626,0.4207042626423087
holdout_guncontrol,0.5894901144640999,0.8681992337164751,0.4462386766443482,0.45474759120480934,0.7574759945130316,0.3248999764650506,0.5470698987997176
holdout_immigration,0.5788237988890798,0.8676394849785408,0.43426705619522254,0.2858411007545495,0.7879282218597063,0.17458883065244896,0.47713717693836977
holdout_samesex,0.5692746755694362,0.8603515625,0.4253641264987527,0.5564127290260367,0.763901147396293,0.43756319514661274,0.5859453993933266
holdout_tobacco,0.5956921811545777,0.868145040455499,0.45340010955473825,0.4496344435418359,0.661685594739988,0.3405106121193479,0.5346047370039988
mean,0.578612007695703,0.8660346026704682,0.4345211475371962,0.41024576303597676,0.6929626271506678,0.30274537351537295,0.5079897363540383
