{
    "train_f1": 0.7950766851398376,
    "train_precision": 0.7950766851398376,
    "train_recall": 0.7950766851398376,
    "valid_f1": 0.499728899331285,
    "valid_precision": 0.499728899331285,
    "valid_recall": 0.499728899331285
}