,train_f1,train_precision,train_recall,valid_f1,valid_precision,valid_recall
mean,0.7950766851398376,0.7950766851398376,0.7950766851398376,0.499728899331285,0.499728899331285,0.499728899331285
