{
    "train_f1": 0.865412445730825,
    "train_precision": 0.959563543003851,
    "train_recall": 0.7880864522930944,
    "valid_f1": 0.3731465265615879,
    "valid_precision": 0.6914007571660357,
    "valid_recall": 0.25552668398960626,
    "valid_acc": 0.4350989406356186
}