{
    "train_f1": 0.7530432349237443,
    "train_precision": 0.9285714285714286,
    "train_recall": 0.6333254883502001,
    "valid_f1": 0.3962162887427881,
    "valid_precision": 0.6216842105263158,
    "valid_recall": 0.2907640803465931,
    "valid_acc": 0.4511618747538401
}