{
    "train_acc": 0.8633741888968998,
    "valid_acc": 0.4656957511706835
}