,train_acc,valid_acc
mean,0.8633741888968998,0.4656957511706835
