{
    "mean": {
        "train_f1": 0.7882532493107522,
        "train_precision": 0.7882532493107522,
        "train_recall": 0.7882532493107522,
        "valid_f1": 0.5727229936455637,
        "valid_precision": 0.5727229936455637,
        "valid_recall": 0.5727229936455637
    }
}