,train_f1,train_precision,train_recall,valid_f1,valid_precision,valid_recall
mean,0.7882532493107522,0.7882532493107522,0.7882532493107522,0.5727229936455637,0.5727229936455637,0.5727229936455637
