{
    "train_f1": 0.7965686274509806,
    "train_precision": 0.9509875640087784,
    "train_recall": 0.6852925672113864,
    "valid_f1": 0.3862263391059203,
    "valid_precision": 0.6887247358161486,
    "valid_recall": 0.26835898460923446,
    "valid_acc": 0.42726364181491105
}