{
    "f1": 0.9972889933128501,
    "precision": 0.9972889933128501,
    "recall": 0.9972889933128501
}