{
    "f1": 0.9979179867837422,
    "precision": 0.9996372869060574,
    "recall": 0.9962045906379903
}