,f1,precision,recall
mean,0.9979179867837422,0.9996372869060574,0.9962045906379903
