{
    "f1": 0.7718153418951753,
    "precision": 0.7718153418951753,
    "recall": 0.7718153418951753
}