{
    "f1": 0.7223212711349699,
    "precision": 0.8292024650263146,
    "recall": 0.6398472752516488
}