{
    "train_f1": 0.7723765740555667,
    "train_precision": 0.7723765740555667,
    "train_recall": 0.7723765740555667,
    "valid_f1": 0.5317523056653491,
    "valid_precision": 0.5317523056653491,
    "valid_recall": 0.5317523056653491
}