{
    "train_f1": 0.7455926444133519,
    "train_precision": 0.7455926444133519,
    "train_recall": 0.7455926444133519,
    "valid_f1": 0.530961791831357,
    "valid_precision": 0.530961791831357,
    "valid_recall": 0.530961791831357
}