{
    "train_f1": 0.7447531481111334,
    "train_precision": 0.7447531481111334,
    "train_recall": 0.7447531481111334,
    "valid_f1": 0.5133069828722002,
    "valid_precision": 0.5133069828722002,
    "valid_recall": 0.5133069828722002
}