,train_f1,train_precision,train_recall,valid_f1,valid_precision,valid_recall
mean,0.7447531481111334,0.7447531481111334,0.7447531481111334,0.5133069828722002,0.5133069828722002,0.5133069828722002
