{
    "f1": 0.9997352396081546,
    "precision": 0.9997352396081546,
    "recall": 0.9997352396081546
}