,f1,precision,recall
mean,0.9997352396081546,0.9997352396081546,0.9997352396081546
