,f1,precision,recall
mean,0.9950986885680223,0.9957582184517497,0.9944400317712471
