{
    "mean": {
        "f1": 0.9950986885680223,
        "precision": 0.9957582184517497,
        "recall": 0.9944400317712471
    }
}