{
    "holdout_climate": {
        "mean": {
            "train_f1": 0.5529615218331172,
            "train_precision": 0.8530932132733033,
            "train_recall": 0.4090509314783721,
            "valid_f1": 0.23831267666884104,
            "valid_precision": 0.681592039800995,
            "valid_recall": 0.14440052700922265,
            "valid_acc": 0.34440052700922263
        }
    },
    "holdout_deathpenalty": {
        "mean": {
            "train_f1": 0.5670324940822035,
            "train_precision": 0.8679183135704874,
            "train_recall": 0.42106104186641097,
            "valid_f1": 0.40616786402663396,
            "valid_precision": 0.6005181347150259,
            "valid_recall": 0.30685729414879537,
            "valid_acc": 0.4548583531903627
        }
    },
    "holdout_guncontrol": {
        "mean": {
            "train_f1": 0.54971932638332,
            "train_precision": 0.8554492512479202,
            "train_recall": 0.40498227648680585,
            "valid_f1": 0.4346561751625043,
            "valid_precision": 0.795554164057608,
            "valid_recall": 0.2990115321252059,
            "valid_acc": 0.5590727229936455
        }
    },
    "holdout_immigration": {
        "mean": {
            "train_f1": 0.5573104169086054,
            "train_precision": 0.859419770773639,
            "train_recall": 0.4123560749269634,
            "valid_f1": 0.33427681856778935,
            "valid_precision": 0.7703848662752772,
            "valid_recall": 0.21344659316826314,
            "valid_acc": 0.49430688595698535
        }
    },
    "holdout_samesex": {
        "mean": {
            "train_f1": 0.5485015557617774,
            "train_precision": 0.8526816021724372,
            "train_recall": 0.40428100104610926,
            "valid_f1": 0.543169037380086,
            "valid_precision": 0.785645933014354,
            "valid_recall": 0.41506572295247723,
            "valid_acc": 0.6001011122345804
        }
    },
    "holdout_tobacco": {
        "mean": {
            "train_f1": 0.5345800419152024,
            "train_precision": 0.8531732418524871,
            "train_recall": 0.3892323342984584,
            "valid_f1": 0.3748533896317148,
            "valid_precision": 0.7895256916996047,
            "valid_recall": 0.2457705321439557,
            "valid_acc": 0.5389111042756075
        }
    },
    "mean": {
        "train_f1": 0.551684226147371,
        "train_precision": 0.8569558988150457,
        "train_recall": 0.4068272766838534,
        "valid_f1": 0.3885726602395949,
        "valid_precision": 0.7372034715938108,
        "valid_recall": 0.27075870025798665,
        "valid_acc": 0.4986084509434006
    }
}