,f1,precision,recall
mean,0.9995293010120028,0.9995293010120028,0.9995293010120028
