{
    "mean": {
        "f1": 0.9995293010120028,
        "precision": 0.9995293010120028,
        "recall": 0.9995293010120028
    }
}