,train_f1,train_precision,train_recall,valid_f1,valid_precision,valid_recall,valid_acc
holdout_climate,0.6180001030343619,0.8687717265353418,0.4795714399936036,0.3556398104265403,0.6337837837837837,0.247167325428195,0.47457180500658763
holdout_deathpenalty,0.6257429801188767,0.8722857142857143,0.48785554490252475,0.4255643685173886,0.5019791291831595,0.369340746624305,0.42970611596505165
holdout_guncontrol,0.6424340669617807,0.8757436681964984,0.5072863332020481,0.47337278106508873,0.7182188173330141,0.3530242409978819,0.5430689574017415
holdout_immigration,0.6229887590919109,0.8683563748079877,0.485736380821447,0.3307659991597815,0.7344527363184079,0.21344659316826314,0.47767937827579976
holdout_samesex,0.6179937952430197,0.864458267033126,0.48088838818701213,0.5757669662224977,0.743795036028823,0.4696663296258847,0.5937815975733064
holdout_tobacco,0.5851356257455527,0.8675792063980313,0.44142734173252995,0.43858921161825726,0.6736775015933716,0.32513072900645956,0.5306059673946478
mean,0.6187158883659172,0.8695324928761167,0.4804609048065276,0.43328318950159234,0.6676511673734266,0.3296293274751649,0.5082356369361891
