,train_acc,valid_acc
climate,0.8955380577427822,0.3629022586448131
deathpenalty,0.8665611814345991,0.40562457556026044
guncontrol,0.8388347233642665,0.43289680976762507
immigration,0.8633741888968998,0.4656957511706835
samesex,0.8879375472173257,0.39575118693168104
tobacco,0.8891610532761788,0.4444227082436715
mean,0.8735677919886752,0.41788221505312245
