{
    "train_f1": 0.7810889625694085,
    "train_precision": 0.7810889625694084,
    "train_recall": 0.7810889625694084,
    "valid_f1": 0.49060100608948903,
    "valid_precision": 0.49060100608948903,
    "valid_recall": 0.49060100608948903
}