{
    "train_f1": 0.7496105141213597,
    "train_precision": 0.7496105141213598,
    "train_recall": 0.7496105141213598,
    "valid_f1": 0.49510193275086045,
    "valid_precision": 0.49510193275086045,
    "valid_recall": 0.49510193275086045
}