,train_f1,train_precision,train_recall,valid_f1,valid_precision,valid_recall
mean,0.7510885630967123,0.7510885630967123,0.7510885630967123,0.45803547789250726,0.45803547789250726,0.45803547789250726
