{
    "mean": {
        "train_f1": 0.7510885630967123,
        "train_precision": 0.7510885630967123,
        "train_recall": 0.7510885630967123,
        "valid_f1": 0.45803547789250726,
        "valid_precision": 0.45803547789250726,
        "valid_recall": 0.45803547789250726
    }
}