,f1,precision,recall
climate,1.0,1.0,1.0
deathpenalty,1.0,1.0,1.0
guncontrol,0.9994116262650036,0.9994116262650036,0.9994116262650036
immigration,0.9972889933128501,0.9972889933128501,0.9972889933128501
samesex,1.0,1.0,1.0
tobacco,1.0,1.0,1.0
mean,0.9994501032629756,0.9994501032629756,0.9994501032629756
