,train_f1,train_precision,train_recall,valid_f1,valid_precision,valid_recall
climate,0.7451129322406556,0.7451129322406556,0.7451129322406556,0.5312252964426878,0.5312252964426878,0.5312252964426878
deathpenalty,0.7498102504693804,0.7498102504693804,0.7498102504693804,0.49536669314270587,0.49536669314270587,0.49536669314270587
guncontrol,0.7882532493107522,0.7882532493107522,0.7882532493107522,0.5727229936455637,0.5727229936455637,0.5727229936455637
immigration,0.7680113416677405,0.7680113416677407,0.7680113416677407,0.5127417314296042,0.5127417314296042,0.5127417314296042
samesex,0.7469622595960409,0.7469622595960409,0.7469622595960409,0.6231041456016178,0.6231041456016178,0.6231041456016178
tobacco,0.7459212019249579,0.7459212019249579,0.7459212019249579,0.5727468471239618,0.5727468471239618,0.5727468471239618
mean,0.7573452058682547,0.7573452058682547,0.7573452058682547,0.5513179512310235,0.5513179512310235,0.5513179512310235
