{
    "train_f1": 0.8933467067870278,
    "train_precision": 0.9780380673499268,
    "train_recall": 0.8221538461538461,
    "valid_f1": 0.4003807969536244,
    "valid_precision": 0.656791004818847,
    "valid_recall": 0.2879611878398998,
    "valid_acc": 0.4423099495285418
}