,train_f1,train_precision,train_recall,valid_f1,valid_precision,valid_recall,valid_acc
holdout_climate,0.5676392572944298,0.843449471858742,0.4277604541456784,0.24941476909980848,0.6482300884955752,0.1544137022397892,0.34835309617918314
holdout_deathpenalty,0.5926311949554431,0.8520905140116889,0.454298497922659,0.42323931768282386,0.5844216417910447,0.3317447709822611,0.456446915541435
holdout_guncontrol,0.5629931614939505,0.8473871733966746,0.4215242221346987,0.4466101694915255,0.7980012113870382,0.3100729583431396,0.5647211108496116
holdout_immigration,0.5748264481620575,0.8509097035040432,0.4340092799450077,0.34951456310679613,0.7513416815742398,0.22772456172058558,0.4995481655521417
holdout_samesex,0.5723905723905723,0.8521642266072565,0.43091655266757867,0.5583279325988335,0.7775270758122743,0.43554095045500507,0.6059150657229525
holdout_tobacco,0.5761555164926068,0.8490019808014627,0.43602785820486734,0.4275680421422301,0.746360153256705,0.2996001230390649,0.5499846201168871
mean,0.5744393584648433,0.8491671783633112,0.434089477503415,0.40911246568700294,0.7176469753861462,0.2931828444633076,0.5041614956603685
