{
    "holdout_climate": {
        "mean": {
            "train_f1": 0.5676392572944298,
            "train_precision": 0.843449471858742,
            "train_recall": 0.4277604541456784,
            "valid_f1": 0.24941476909980848,
            "valid_precision": 0.6482300884955752,
            "valid_recall": 0.1544137022397892,
            "valid_acc": 0.34835309617918314
        }
    },
    "holdout_deathpenalty": {
        "mean": {
            "train_f1": 0.5926311949554431,
            "train_precision": 0.8520905140116889,
            "train_recall": 0.454298497922659,
            "valid_f1": 0.42323931768282386,
            "valid_precision": 0.5844216417910447,
            "valid_recall": 0.3317447709822611,
            "valid_acc": 0.456446915541435
        }
    },
    "holdout_guncontrol": {
        "mean": {
            "train_f1": 0.5629931614939505,
            "train_precision": 0.8473871733966746,
            "train_recall": 0.4215242221346987,
            "valid_f1": 0.4466101694915255,
            "valid_precision": 0.7980012113870382,
            "valid_recall": 0.3100729583431396,
            "valid_acc": 0.5647211108496116
        }
    },
    "holdout_immigration": {
        "mean": {
            "train_f1": 0.5748264481620575,
            "train_precision": 0.8509097035040432,
            "train_recall": 0.4340092799450077,
            "valid_f1": 0.34951456310679613,
            "valid_precision": 0.7513416815742398,
            "valid_recall": 0.22772456172058558,
            "valid_acc": 0.4995481655521417
        }
    },
    "holdout_samesex": {
        "mean": {
            "train_f1": 0.5723905723905723,
            "train_precision": 0.8521642266072565,
            "train_recall": 0.43091655266757867,
            "valid_f1": 0.5583279325988335,
            "valid_precision": 0.7775270758122743,
            "valid_recall": 0.43554095045500507,
            "valid_acc": 0.6059150657229525
        }
    },
    "holdout_tobacco": {
        "mean": {
            "train_f1": 0.5761555164926068,
            "train_precision": 0.8490019808014627,
            "train_recall": 0.43602785820486734,
            "valid_f1": 0.4275680421422301,
            "valid_precision": 0.746360153256705,
            "valid_recall": 0.2996001230390649,
            "valid_acc": 0.5499846201168871
        }
    },
    "mean": {
        "train_f1": 0.5744393584648433,
        "train_precision": 0.8491671783633112,
        "train_recall": 0.434089477503415,
        "valid_f1": 0.40911246568700294,
        "valid_precision": 0.7176469753861462,
        "valid_recall": 0.2931828444633076,
        "valid_acc": 0.5041614956603685
    }
}