,train_f1,train_precision,train_recall,valid_f1,valid_precision,valid_recall
climate,0.7447531481111334,0.7447531481111334,0.7447531481111334,0.5133069828722002,0.5133069828722002,0.5133069828722002
deathpenalty,0.7510885630967123,0.7510885630967123,0.7510885630967123,0.45803547789250726,0.45803547789250726,0.45803547789250726
guncontrol,0.7865793619535248,0.786579361953525,0.786579361953525,0.5693104259825842,0.5693104259825842,0.5693104259825842
immigration,0.7683979894316277,0.7683979894316277,0.7683979894316277,0.49918669799385507,0.49918669799385507,0.49918669799385507
samesex,0.746922024623803,0.746922024623803,0.746922024623803,0.602881698685541,0.602881698685541,0.602881698685541
tobacco,0.7467819554755663,0.7467819554755664,0.7467819554755664,0.5306059673946478,0.5306059673946478,0.5306059673946478
mean,0.7574205071153947,0.7574205071153947,0.7574205071153947,0.5288878751368893,0.5288878751368893,0.5288878751368893
