{
    "train_f1": 0.8103091768412761,
    "train_precision": 0.8103091768412761,
    "train_recall": 0.8103091768412761,
    "valid_f1": 0.5604848199576371,
    "valid_precision": 0.5604848199576371,
    "valid_recall": 0.5604848199576371
}