,train_f1,train_precision,train_recall,valid_f1,valid_precision,valid_recall
mean,0.8103091768412761,0.8103091768412761,0.8103091768412761,0.5604848199576371,0.5604848199576371,0.5604848199576371
