,train_f1,train_precision,train_recall,valid_f1,valid_precision,valid_recall
mean,0.781967802500699,0.7819678025006991,0.7819678025006991,0.4749801429706116,0.4749801429706116,0.4749801429706116
