{
    "mean": {
        "train_f1": 0.781967802500699,
        "train_precision": 0.7819678025006991,
        "train_recall": 0.7819678025006991,
        "valid_f1": 0.4749801429706116,
        "valid_precision": 0.4749801429706116,
        "valid_recall": 0.4749801429706116
    }
}