{
    "train_f1": 0.8307967770814682,
    "train_precision": 0.9573590096286108,
    "train_recall": 0.7337901950448076,
    "valid_f1": 0.36198825178161437,
    "valid_precision": 0.7122741140577329,
    "valid_recall": 0.24265440735558666,
    "valid_acc": 0.4342194683190086
}