{
    "0": {
        "mean": {
            "train_acc": 0.6001982160555005,
            "valid_acc": 0.5672222222222222
        }
    },
    "1": {
        "mean": {
            "train_acc": 0.6000792864222002,
            "valid_acc": 0.5686111111111111
        }
    },
    "2": {
        "mean": {
            "train_acc": 0.5975421209117938,
            "valid_acc": 0.5786111111111111
        }
    },
    "mean": {
        "train_acc": 0.5992732077964981,
        "valid_acc": 0.5714814814814814
    }
}