,train_acc,valid_acc
0,0.6001982160555005,0.5672222222222222
1,0.6000792864222002,0.5686111111111111
2,0.5975421209117938,0.5786111111111111
mean,0.5992732077964981,0.5714814814814814
