{
    "train_f1": 0.7467819554755663,
    "train_precision": 0.7467819554755664,
    "train_recall": 0.7467819554755664,
    "valid_f1": 0.5306059673946478,
    "valid_precision": 0.5306059673946478,
    "valid_recall": 0.5306059673946478
}