,train_f1,train_precision,train_recall,valid_f1,valid_precision,valid_recall
mean,0.7467819554755663,0.7467819554755664,0.7467819554755664,0.5306059673946478,0.5306059673946478,0.5306059673946478
