{
    "climate": {
        "mean": {
            "f1": 1.0,
            "precision": 1.0,
            "recall": 1.0
        }
    },
    "deathpenalty": {
        "mean": {
            "f1": 0.9997352396081546,
            "precision": 0.9997352396081546,
            "recall": 0.9997352396081546
        }
    },
    "guncontrol": {
        "mean": {
            "f1": 0.9543421981642739,
            "precision": 0.9543421981642739,
            "recall": 0.9543421981642739
        }
    },
    "immigration": {
        "mean": {
            "f1": 0.9980119284294234,
            "precision": 0.9980119284294234,
            "recall": 0.9980119284294234
        }
    },
    "samesex": {
        "mean": {
            "f1": 1.0,
            "precision": 1.0,
            "recall": 1.0
        }
    },
    "tobacco": {
        "mean": {
            "f1": 1.0,
            "precision": 1.0,
            "recall": 1.0
        }
    },
    "mean": {
        "f1": 0.9920148943669753,
        "precision": 0.9920148943669753,
        "recall": 0.9920148943669753
    }
}