{
    "climate": {
        "mean": {
            "f1": 0.999868265050718,
            "precision": 0.9997365648050579,
            "recall": 1.0
        }
    },
    "deathpenalty": {
        "mean": {
            "f1": 0.9950986885680223,
            "precision": 0.9957582184517497,
            "recall": 0.9944400317712471
        }
    },
    "guncontrol": {
        "mean": {
            "f1": 0.9168533882395689,
            "precision": 0.9444791016843419,
            "recall": 0.8907978347846552
        }
    },
    "immigration": {
        "mean": {
            "f1": 0.9951927437641723,
            "precision": 0.9989075018208303,
            "recall": 0.9915055123802639
        }
    },
    "samesex": {
        "mean": {
            "f1": 0.999873625679262,
            "precision": 0.9997472832954258,
            "recall": 1.0
        }
    },
    "tobacco": {
        "mean": {
            "f1": 1.0,
            "precision": 1.0,
            "recall": 1.0
        }
    },
    "mean": {
        "f1": 0.9844811185502906,
        "precision": 0.9897714450095676,
        "recall": 0.9794572298226943
    }
}