,f1,precision,recall
climate,1.0,1.0,1.0
deathpenalty,0.9997352396081546,0.9997352396081546,0.9997352396081546
guncontrol,0.9543421981642739,0.9543421981642739,0.9543421981642739
immigration,0.9980119284294234,0.9980119284294234,0.9980119284294234
samesex,1.0,1.0,1.0
tobacco,1.0,1.0,1.0
mean,0.9920148943669753,0.9920148943669753,0.9920148943669753
