,f1,precision,recall
climate,0.999868265050718,0.9997365648050579,1.0
deathpenalty,0.9950986885680223,0.9957582184517497,0.9944400317712471
guncontrol,0.9168533882395689,0.9444791016843419,0.8907978347846552
immigration,0.9951927437641723,0.9989075018208303,0.9915055123802639
samesex,0.999873625679262,0.9997472832954258,1.0
tobacco,1.0,1.0,1.0
mean,0.9844811185502906,0.9897714450095676,0.9794572298226943
