{
    "train_f1": 0.8159943382873319,
    "train_precision": 0.9600333055786844,
    "train_recall": 0.7095384615384616,
    "valid_f1": 0.3858980466888995,
    "valid_precision": 0.6800671671276175,
    "valid_recall": 0.26937673617903674,
    "valid_acc": 0.44000156500645565
}