{
    "train_f1": 0.7760475761962519,
    "train_precision": 0.7760475761962519,
    "train_recall": 0.7760475761962519,
    "valid_f1": 0.5484466318055983,
    "valid_precision": 0.5484466318055983,
    "valid_recall": 0.5484466318055983
}