,train_f1,train_precision,train_recall,valid_f1,valid_precision,valid_recall
mean,0.7760475761962519,0.7760475761962519,0.7760475761962519,0.5484466318055983,0.5484466318055983,0.5484466318055983
