{
    "train_acc": 0.8366028427111477,
    "valid_acc": 0.4753840094525404,
    "valid_acc_unbiased": 0.44284166994879876
}