,train_acc,valid_acc,valid_acc_unbiased
mean,0.8366028427111477,0.4753840094525404,0.44284166994879876
