,train_f1,train_precision,train_recall,valid_f1,valid_precision,valid_recall
climate,0.7733359984009595,0.7733359984009595,0.7733359984009595,0.4018445322793149,0.4018445322793149,0.4018445322793149
deathpenalty,0.781967802500699,0.7819678025006991,0.7819678025006991,0.4749801429706116,0.4749801429706116,0.4749801429706116
guncontrol,0.8103091768412761,0.8103091768412761,0.8103091768412761,0.5604848199576371,0.5604848199576371,0.5604848199576371
immigration,0.7950766851398376,0.7950766851398376,0.7950766851398376,0.499728899331285,0.499728899331285,0.499728899331285
samesex,0.7758912046350688,0.7758912046350688,0.7758912046350688,0.602881698685541,0.602881698685541,0.602881698685541
tobacco,0.7760475761962519,0.7760475761962519,0.7760475761962519,0.5484466318055983,0.5484466318055983,0.5484466318055983
mean,0.7854380739523488,0.7854380739523488,0.7854380739523488,0.5147277875049979,0.5147277875049979,0.5147277875049979
