{
    "climate": {
        "mean": {
            "train_f1": 0.7733359984009595,
            "train_precision": 0.7733359984009595,
            "train_recall": 0.7733359984009595,
            "valid_f1": 0.4018445322793149,
            "valid_precision": 0.4018445322793149,
            "valid_recall": 0.4018445322793149
        }
    },
    "deathpenalty": {
        "mean": {
            "train_f1": 0.781967802500699,
            "train_precision": 0.7819678025006991,
            "train_recall": 0.7819678025006991,
            "valid_f1": 0.4749801429706116,
            "valid_precision": 0.4749801429706116,
            "valid_recall": 0.4749801429706116
        }
    },
    "guncontrol": {
        "mean": {
            "train_f1": 0.8103091768412761,
            "train_precision": 0.8103091768412761,
            "train_recall": 0.8103091768412761,
            "valid_f1": 0.5604848199576371,
            "valid_precision": 0.5604848199576371,
            "valid_recall": 0.5604848199576371
        }
    },
    "immigration": {
        "mean": {
            "train_f1": 0.7950766851398376,
            "train_precision": 0.7950766851398376,
            "train_recall": 0.7950766851398376,
            "valid_f1": 0.499728899331285,
            "valid_precision": 0.499728899331285,
            "valid_recall": 0.499728899331285
        }
    },
    "samesex": {
        "mean": {
            "train_f1": 0.7758912046350688,
            "train_precision": 0.7758912046350688,
            "train_recall": 0.7758912046350688,
            "valid_f1": 0.602881698685541,
            "valid_precision": 0.602881698685541,
            "valid_recall": 0.602881698685541
        }
    },
    "tobacco": {
        "mean": {
            "train_f1": 0.7760475761962519,
            "train_precision": 0.7760475761962519,
            "train_recall": 0.7760475761962519,
            "valid_f1": 0.5484466318055983,
            "valid_precision": 0.5484466318055983,
            "valid_recall": 0.5484466318055983
        }
    },
    "mean": {
        "train_f1": 0.7854380739523488,
        "train_precision": 0.7854380739523488,
        "train_recall": 0.7854380739523488,
        "valid_f1": 0.5147277875049979,
        "valid_precision": 0.5147277875049979,
        "valid_recall": 0.5147277875049979
    }
}