{
    "train_acc": 0.6052329038652131,
    "valid_acc": 0.5719444444444445
}