,train_acc,valid_acc
mean,0.6052329038652131,0.5719444444444445
