{
    "train_f1": 0.748965956092905,
    "train_precision": 0.9378486055776892,
    "train_recall": 0.6234110169491526,
    "valid_f1": 0.30183454482519906,
    "valid_precision": 0.7109398161873703,
    "valid_recall": 0.1915871050213718,
    "valid_acc": 0.4242400031957816
}