,train_f1,train_precision,train_recall,valid_f1,valid_precision,valid_recall
holdout_climate,0.829902058764741,0.8299020587647411,0.8299020587647411,0.4092226613965744,0.4092226613965744,0.4092226613965744
holdout_deathpenalty,0.8440458594655056,0.8440458594655056,0.8440458594655056,0.42944135557320623,0.42944135557320623,0.42944135557320623
holdout_guncontrol,0.8820894052776683,0.8820894052776683,0.8820894052776683,0.4714050364791716,0.4714050364791716,0.4714050364791716
holdout_immigration,0.8611504919018774,0.8611504919018774,0.8611504919018774,0.4395445508765588,0.4395445508765588,0.4395445508765588
holdout_samesex,0.8301279472117166,0.8301279472117165,0.8301279472117165,0.5930232558139535,0.5930232558139535,0.5930232558139535
holdout_tobacco,0.8303924253687547,0.8303924253687547,0.8303924253687547,0.5016917871424177,0.5016917871424177,0.5016917871424177
mean,0.8462846979983771,0.8462846979983771,0.8462846979983771,0.47405477454698036,0.47405477454698036,0.47405477454698036
