{
    "mean": {
        "train_acc": 0.8607594936708861,
        "valid_acc": 0.42491910677905165,
        "valid_acc_unbiased": 0.38521152079255383
    }
}