,train_acc,valid_acc,valid_acc_unbiased
mean,0.8607594936708861,0.42491910677905165,0.38521152079255383
