,f1,precision,recall
mean,0.9329495022190237,0.951320939334638,0.9152741821605084
