{
    "mean": {
        "f1": 0.9329495022190237,
        "precision": 0.951320939334638,
        "recall": 0.9152741821605084
    }
}