{
    "mean": {
        "f1": 0.9699929395151801,
        "precision": 0.9699929395151801,
        "recall": 0.9699929395151801
    }
}