,f1,precision,recall
mean,0.9699929395151801,0.9699929395151801,0.9699929395151801
