{
    "train_f1": 0.6752276441746439,
    "train_precision": 0.9531970995385629,
    "train_recall": 0.5227765726681128,
    "valid_f1": 0.39319378136858857,
    "valid_precision": 0.683476965634642,
    "valid_recall": 0.27598058169008033,
    "valid_acc": 0.4861451217940456
}