,train_acc,valid_acc
mean,0.6060654112983151,0.5755555555555556
