{
    "mean": {
        "train_acc": 0.6060654112983151,
        "valid_acc": 0.5755555555555556
    }
}