{
    "train_f1": 0.736540158870256,
    "train_precision": 0.9450736126840317,
    "train_recall": 0.6033984092552422,
    "valid_f1": 0.4119976359338061,
    "valid_precision": 0.6599450913566222,
    "valid_recall": 0.2994801735618851,
    "valid_acc": 0.4835245091721442
}