{
    "f1": 0.6274320771253287,
    "precision": 0.8507427213309566,
    "recall": 0.4969802152030545
}