{
    "f1": 0.7097883441038715,
    "precision": 0.8241016933596439,
    "recall": 0.6233252342936481
}