{
    "f1": 0.7619923637625824,
    "precision": 0.7619923637625824,
    "recall": 0.7619923637625824
}