{
    "train_acc": 0.5975421209117938,
    "valid_acc": 0.5786111111111111
}