,train_acc,valid_acc
mean,0.5975421209117938,0.5786111111111111
