{
    "train_f1": 0.8772429507262889,
    "train_precision": 0.9488601355514479,
    "train_recall": 0.815677966101695,
    "valid_f1": 0.3275096061479346,
    "valid_precision": 0.6588960019326006,
    "valid_recall": 0.21791235569048856,
    "valid_acc": 0.4219230615587425
}