,train_acc,valid_acc
holdout_climate,0.7615661206552138,0.38102766798418974
holdout_deathpenalty,0.7722373043755989,0.4736563410113847
holdout_guncontrol,0.7854085698824224,0.5329489291598023
holdout_immigration,0.779065773656191,0.4905114765949756
holdout_samesex,0.7626362137601029,0.6162790697674418
holdout_tobacco,0.7628841792445452,0.5450630575207629
mean,0.7706330269290125,0.5065810903397595
