{
    "holdout_climate": {
        "mean": {
            "train_acc": 0.7615661206552138,
            "valid_acc": 0.38102766798418974
        }
    },
    "holdout_deathpenalty": {
        "mean": {
            "train_acc": 0.7722373043755989,
            "valid_acc": 0.4736563410113847
        }
    },
    "holdout_guncontrol": {
        "mean": {
            "train_acc": 0.7854085698824224,
            "valid_acc": 0.5329489291598023
        }
    },
    "holdout_immigration": {
        "mean": {
            "train_acc": 0.779065773656191,
            "valid_acc": 0.4905114765949756
        }
    },
    "holdout_samesex": {
        "mean": {
            "train_acc": 0.7626362137601029,
            "valid_acc": 0.6162790697674418
        }
    },
    "holdout_tobacco": {
        "mean": {
            "train_acc": 0.7628841792445452,
            "valid_acc": 0.5450630575207629
        }
    },
    "mean": {
        "train_acc": 0.7706330269290125,
        "valid_acc": 0.5065810903397595
    }
}