{
    "holdout_climate": {
        "mean": {
            "train_f1": 0.6727466770156205,
            "train_precision": 0.8553102257308499,
            "train_recall": 0.5544095306628288,
            "valid_f1": 0.3869610935856993,
            "valid_precision": 0.5777080062794349,
            "valid_recall": 0.2909090909090909,
            "valid_acc": 0.4463768115942029
        }
    },
    "holdout_deathpenalty": {
        "mean": {
            "train_f1": 0.6989036242638963,
            "train_precision": 0.8719388364592044,
            "train_recall": 0.5831735378715245,
            "valid_f1": 0.4406587166382737,
            "valid_precision": 0.47505356596265685,
            "valid_recall": 0.41090812814402966,
            "valid_acc": 0.4352660841938046
        }
    },
    "holdout_guncontrol": {
        "mean": {
            "train_f1": 0.7037363930567814,
            "train_precision": 0.8743968416435152,
            "train_recall": 0.5888144938952343,
            "valid_f1": 0.4896247240618102,
            "valid_precision": 0.6533778476040848,
            "valid_recall": 0.391503883266651,
            "valid_acc": 0.5280065897858319
        }
    },
    "holdout_immigration": {
        "mean": {
            "train_f1": 0.7016137321410216,
            "train_precision": 0.8728900255754476,
            "train_recall": 0.5865268946554391,
            "valid_f1": 0.39552238805970147,
            "valid_precision": 0.6342241723175109,
            "valid_recall": 0.2873667088378818,
            "valid_acc": 0.4671968190854871
        }
    },
    "holdout_samesex": {
        "mean": {
            "train_f1": 0.6717265693859563,
            "train_precision": 0.8579111944965604,
            "train_recall": 0.551943349159089,
            "valid_f1": 0.586635127143702,
            "valid_precision": 0.7065527065527065,
            "valid_recall": 0.5015166835187057,
            "valid_acc": 0.6011122345803842
        }
    },
    "holdout_tobacco": {
        "mean": {
            "train_f1": 0.6541265675123943,
            "train_precision": 0.8632456703014753,
            "train_recall": 0.5265670240237891,
            "valid_f1": 0.4832924296771758,
            "valid_precision": 0.6256109481915934,
            "valid_recall": 0.39372500768994156,
            "valid_acc": 0.5333743463549677
        }
    },
    "mean": {
        "train_f1": 0.6838089272292783,
        "train_precision": 0.8659487990345088,
        "train_recall": 0.5652391383779842,
        "valid_f1": 0.46378241319439373,
        "valid_precision": 0.6120878744846645,
        "valid_recall": 0.3793215837277168,
        "valid_acc": 0.5018888142657797
    }
}