,train_f1,train_precision,train_recall,valid_f1,valid_precision,valid_recall,valid_acc
1,0.6838089272292783,0.8659487990345088,0.5652391383779842,0.46378241319439373,0.6120878744846645,0.3793215837277168,0.5018888142657797
2,0.6305309363898891,0.8637186108678324,0.4965544514133416,0.4443385014221058,0.6591133305431341,0.34466067351517093,0.5090047079075817
3,0.6187158883659172,0.8695324928761167,0.4804609048065276,0.43328318950159234,0.6676511673734266,0.3296293274751649,0.5082356369361891
4,0.578612007695703,0.8660346026704682,0.4345211475371962,0.41024576303597676,0.6929626271506678,0.30274537351537295,0.5079897363540383
5,0.5670462819503638,0.871330899275589,0.42041947162834864,0.4026509034266104,0.7027428617542659,0.2915890866922057,0.5065392321243364
mean,0.6157428083262303,0.8673130809449031,0.47943902275267963,0.43086015411613576,0.6669115722612318,0.3295892089851263,0.506731625517585
