{
    "1": {
        "holdout_climate": {
            "mean": {
                "train_f1": 0.6727466770156205,
                "train_precision": 0.8553102257308499,
                "train_recall": 0.5544095306628288,
                "valid_f1": 0.3869610935856993,
                "valid_precision": 0.5777080062794349,
                "valid_recall": 0.2909090909090909,
                "valid_acc": 0.4463768115942029
            }
        },
        "holdout_deathpenalty": {
            "mean": {
                "train_f1": 0.6989036242638963,
                "train_precision": 0.8719388364592044,
                "train_recall": 0.5831735378715245,
                "valid_f1": 0.4406587166382737,
                "valid_precision": 0.47505356596265685,
                "valid_recall": 0.41090812814402966,
                "valid_acc": 0.4352660841938046
            }
        },
        "holdout_guncontrol": {
            "mean": {
                "train_f1": 0.7037363930567814,
                "train_precision": 0.8743968416435152,
                "train_recall": 0.5888144938952343,
                "valid_f1": 0.4896247240618102,
                "valid_precision": 0.6533778476040848,
                "valid_recall": 0.391503883266651,
                "valid_acc": 0.5280065897858319
            }
        },
        "holdout_immigration": {
            "mean": {
                "train_f1": 0.7016137321410216,
                "train_precision": 0.8728900255754476,
                "train_recall": 0.5865268946554391,
                "valid_f1": 0.39552238805970147,
                "valid_precision": 0.6342241723175109,
                "valid_recall": 0.2873667088378818,
                "valid_acc": 0.4671968190854871
            }
        },
        "holdout_samesex": {
            "mean": {
                "train_f1": 0.6717265693859563,
                "train_precision": 0.8579111944965604,
                "train_recall": 0.551943349159089,
                "valid_f1": 0.586635127143702,
                "valid_precision": 0.7065527065527065,
                "valid_recall": 0.5015166835187057,
                "valid_acc": 0.6011122345803842
            }
        },
        "holdout_tobacco": {
            "mean": {
                "train_f1": 0.6541265675123943,
                "train_precision": 0.8632456703014753,
                "train_recall": 0.5265670240237891,
                "valid_f1": 0.4832924296771758,
                "valid_precision": 0.6256109481915934,
                "valid_recall": 0.39372500768994156,
                "valid_acc": 0.5333743463549677
            }
        },
        "mean": {
            "train_f1": 0.6838089272292783,
            "train_precision": 0.8659487990345088,
            "train_recall": 0.5652391383779842,
            "valid_f1": 0.46378241319439373,
            "valid_precision": 0.6120878744846645,
            "valid_recall": 0.3793215837277168,
            "valid_acc": 0.5018888142657797
        }
    },
    "2": {
        "holdout_climate": {
            "mean": {
                "train_f1": 0.6118262474998718,
                "train_precision": 0.8531178489702517,
                "train_recall": 0.47693291756616296,
                "valid_f1": 0.35607068212046356,
                "valid_precision": 0.638283378746594,
                "valid_recall": 0.2469038208168643,
                "valid_acc": 0.47035573122529645
            }
        },
        "holdout_deathpenalty": {
            "mean": {
                "train_f1": 0.6297500508026823,
                "train_precision": 0.8646763392857143,
                "train_recall": 0.49520613614573344,
                "valid_f1": 0.43021148036253776,
                "valid_precision": 0.5008793527963419,
                "valid_recall": 0.377018797987821,
                "valid_acc": 0.4318241990998147
            }
        },
        "holdout_guncontrol": {
            "mean": {
                "train_f1": 0.6323630672926448,
                "train_precision": 0.8680185598900154,
                "train_recall": 0.49734147302087434,
                "valid_f1": 0.4730448590710599,
                "valid_precision": 0.7271174029777886,
                "valid_recall": 0.3505530713108967,
                "valid_acc": 0.5433043068957402
            }
        },
        "holdout_immigration": {
            "mean": {
                "train_f1": 0.6401389718256337,
                "train_precision": 0.8692319032876309,
                "train_recall": 0.5066162570888468,
                "valid_f1": 0.34591626630061767,
                "valid_precision": 0.7191780821917808,
                "valid_recall": 0.22772456172058558,
                "valid_acc": 0.47912524850894633
            }
        },
        "holdout_samesex": {
            "mean": {
                "train_f1": 0.6243071237938821,
                "train_precision": 0.861839308488026,
                "train_recall": 0.4894182023014404,
                "valid_f1": 0.5742604924887719,
                "valid_precision": 0.7413034786085566,
                "valid_recall": 0.46865520728008087,
                "valid_acc": 0.5932760364004045
            }
        },
        "holdout_tobacco": {
            "mean": {
                "train_f1": 0.6448001571246195,
                "train_precision": 0.8654277052853565,
                "train_recall": 0.5138117223569919,
                "valid_f1": 0.48652722818918404,
                "valid_precision": 0.6279182879377432,
                "valid_recall": 0.397108581974777,
                "valid_acc": 0.5361427253152876
            }
        },
        "mean": {
            "train_f1": 0.6305309363898891,
            "train_precision": 0.8637186108678324,
            "train_recall": 0.4965544514133416,
            "valid_f1": 0.4443385014221058,
            "valid_precision": 0.6591133305431341,
            "valid_recall": 0.34466067351517093,
            "valid_acc": 0.5090047079075817
        }
    },
    "3": {
        "holdout_climate": {
            "mean": {
                "train_f1": 0.6180001030343619,
                "train_precision": 0.8687717265353418,
                "train_recall": 0.4795714399936036,
                "valid_f1": 0.3556398104265403,
                "valid_precision": 0.6337837837837837,
                "valid_recall": 0.247167325428195,
                "valid_acc": 0.47457180500658763
            }
        },
        "holdout_deathpenalty": {
            "mean": {
                "train_f1": 0.6257429801188767,
                "train_precision": 0.8722857142857143,
                "train_recall": 0.48785554490252475,
                "valid_f1": 0.4255643685173886,
                "valid_precision": 0.5019791291831595,
                "valid_recall": 0.369340746624305,
                "valid_acc": 0.42970611596505165
            }
        },
        "holdout_guncontrol": {
            "mean": {
                "train_f1": 0.6424340669617807,
                "train_precision": 0.8757436681964984,
                "train_recall": 0.5072863332020481,
                "valid_f1": 0.47337278106508873,
                "valid_precision": 0.7182188173330141,
                "valid_recall": 0.3530242409978819,
                "valid_acc": 0.5430689574017415
            }
        },
        "holdout_immigration": {
            "mean": {
                "train_f1": 0.6229887590919109,
                "train_precision": 0.8683563748079877,
                "train_recall": 0.485736380821447,
                "valid_f1": 0.3307659991597815,
                "valid_precision": 0.7344527363184079,
                "valid_recall": 0.21344659316826314,
                "valid_acc": 0.47767937827579976
            }
        },
        "holdout_samesex": {
            "mean": {
                "train_f1": 0.6179937952430197,
                "train_precision": 0.864458267033126,
                "train_recall": 0.48088838818701213,