{
    "train_f1": 0.703739837398374,
    "train_precision": 0.9115417017691659,
    "train_recall": 0.573093220338983,
    "valid_f1": 0.2865945633685292,
    "valid_precision": 0.7288605941887039,
    "valid_recall": 0.17836455878240723,
    "valid_acc": 0.4173291255542684
}