{
    "train_acc": 0.6000792864222002,
    "valid_acc": 0.5686111111111111
}