,train_acc,valid_acc
mean,0.6000792864222002,0.5686111111111111
