{
    "f1": 0.9962894248608535,
    "precision": 0.9973467763332449,
    "recall": 0.9952343129467831
}