,f1,precision,recall
mean,0.9962894248608535,0.9973467763332449,0.9952343129467831
