,f1,precision,recall
mean,0.9994116262650036,0.9994116262650036,0.9994116262650036
