{
    "mean": {
        "f1": 0.9994116262650036,
        "precision": 0.9994116262650036,
        "recall": 0.9994116262650036
    }
}