{
    "mean": {
        "train_f1": 0.746922024623803,
        "train_precision": 0.746922024623803,
        "train_recall": 0.746922024623803,
        "valid_f1": 0.602881698685541,
        "valid_precision": 0.602881698685541,
        "valid_recall": 0.602881698685541
    }
}