,train_f1,train_precision,train_recall,valid_f1,valid_precision,valid_recall
mean,0.746922024623803,0.746922024623803,0.746922024623803,0.602881698685541,0.602881698685541,0.602881698685541
