,f1,precision,recall
mean,0.9168533882395689,0.9444791016843419,0.8907978347846552
