{
    "mean": {
        "f1": 0.9543421981642739,
        "precision": 0.9543421981642739,
        "recall": 0.9543421981642739
    }
}