,f1,precision,recall
mean,0.9543421981642739,0.9543421981642739,0.9543421981642739
