{
    "mean": {
        "f1": 0.9168533882395689,
        "precision": 0.9444791016843419,
        "recall": 0.8907978347846552
    }
}