{
    "holdout_climate": {
        "mean": {
            "train_f1": 0.5212647517256735,
            "train_precision": 0.8579805754077332,
            "train_recall": 0.37435036379627407,
            "valid_f1": 0.21149943630214207,
            "valid_precision": 0.7328125,
            "valid_recall": 0.1235836627140975,
            "valid_acc": 0.3359683794466403
        }
    },
    "holdout_deathpenalty": {
        "mean": {
            "train_f1": 0.5520554675984058,
            "train_precision": 0.8715738665747285,
            "train_recall": 0.40396292745286033,
            "valid_f1": 0.39764411922184545,
            "valid_precision": 0.6100766703176341,
            "valid_recall": 0.29494307651575324,
            "valid_acc": 0.45353455123113584
        }
    },
    "holdout_guncontrol": {
        "mean": {
            "train_f1": 0.5294437644498844,
            "train_precision": 0.8556043956043956,
            "train_recall": 0.38332020480504136,
            "valid_f1": 0.4228351955307263,
            "valid_precision": 0.8187964841108857,
            "valid_recall": 0.28500823723228996,
            "valid_acc": 0.5626029654036244
        }
    },
    "holdout_immigration": {
        "mean": {
            "train_f1": 0.5693354868481771,
            "train_precision": 0.8660933660933661,
            "train_recall": 0.4240419316033683,
            "valid_f1": 0.34114839253123685,
            "valid_precision": 0.7641509433962265,
            "valid_recall": 0.21959154165913608,
            "valid_acc": 0.4986444966564251
        }
    },
    "holdout_samesex": {
        "mean": {
            "train_f1": 0.5010269283432223,
            "train_precision": 0.8608116055675358,
            "train_recall": 0.35334352619296694,
            "valid_f1": 0.5220500595947556,
            "valid_precision": 0.7996870109546166,
            "valid_recall": 0.38751263902932254,
            "valid_acc": 0.5877148634984833
        }
    },
    "holdout_tobacco": {
        "mean": {
            "train_f1": 0.5086775043936732,
            "train_precision": 0.8530116043470253,
            "train_recall": 0.36239142342906333,
            "valid_f1": 0.3364986608229852,
            "valid_precision": 0.8072429906542056,
            "valid_recall": 0.2125499846201169,
            "valid_acc": 0.5299907720701322
        }
    },
    "mean": {
        "train_f1": 0.5303006505598394,
        "train_precision": 0.8608459022657974,
        "train_recall": 0.3835683962132624,
        "valid_f1": 0.37194597733394863,
        "valid_precision": 0.7554610999055947,
        "valid_recall": 0.253864856961786,
        "valid_acc": 0.4947426713844069
    }
}