{
    "train_acc": 0.8908136482939633,
    "valid_acc": 0.4356985808514891,
    "valid_acc_unbiased": 0.44689186488107135
}