,train_acc,valid_acc,valid_acc_unbiased
mean,0.8908136482939633,0.4356985808514891,0.44689186488107135
