{
    "f1": 0.636599116257809,
    "precision": 0.9027657735522904,
    "recall": 0.49164509296305015
}