{
    "holdout_climate": {
        "mean": {
            "train_acc": 0.78174190970835,
            "valid_acc": 0.3878787878787879
        }
    },
    "holdout_deathpenalty": {
        "mean": {
            "train_acc": 0.8148754391568189,
            "valid_acc": 0.4770982261053746
        }
    },
    "holdout_guncontrol": {
        "mean": {
            "train_acc": 0.8836030894868894,
            "valid_acc": 0.5634266886326195
        }
    },
    "holdout_immigration": {
        "mean": {
            "train_acc": 0.8210973724884081,
            "valid_acc": 0.5049701789264414
        }
    },
    "holdout_samesex": {
        "mean": {
            "train_acc": 0.8303912501507902,
            "valid_acc": 0.6006066734074823
        }
    },
    "holdout_tobacco": {
        "mean": {
            "train_acc": 0.8518808164542113,
            "valid_acc": 0.5512150107659182
        }
    },
    "mean": {
        "train_acc": 0.8305983129075779,
        "valid_acc": 0.5141992609527706
    }
}