,train_acc,valid_acc
holdout_climate,0.78174190970835,0.3878787878787879
holdout_deathpenalty,0.8148754391568189,0.4770982261053746
holdout_guncontrol,0.8836030894868894,0.5634266886326195
holdout_immigration,0.8210973724884081,0.5049701789264414
holdout_samesex,0.8303912501507902,0.6006066734074823
holdout_tobacco,0.8518808164542113,0.5512150107659182
mean,0.8305983129075779,0.5141992609527706
