,train_acc,valid_acc
holdout_climate,0.7426687974430684,0.3820816864295125
holdout_deathpenalty,0.7713589907377835,0.4763039449298385
holdout_guncontrol,0.8257490037880652,0.5598964462226407
holdout_immigration,0.7773484458183068,0.49810229531899514
holdout_samesex,0.7798061844062889,0.5915065722952477
holdout_tobacco,0.7956518338937983,0.544755459858505
mean,0.7820972093478851,0.5087744008424565
