{
    "holdout_climate": {
        "mean": {
            "train_acc": 0.7426687974430684,
            "valid_acc": 0.3820816864295125
        }
    },
    "holdout_deathpenalty": {
        "mean": {
            "train_acc": 0.7713589907377835,
            "valid_acc": 0.4763039449298385
        }
    },
    "holdout_guncontrol": {
        "mean": {
            "train_acc": 0.8257490037880652,
            "valid_acc": 0.5598964462226407
        }
    },
    "holdout_immigration": {
        "mean": {
            "train_acc": 0.7773484458183068,
            "valid_acc": 0.49810229531899514
        }
    },
    "holdout_samesex": {
        "mean": {
            "train_acc": 0.7798061844062889,
            "valid_acc": 0.5915065722952477
        }
    },
    "holdout_tobacco": {
        "mean": {
            "train_acc": 0.7956518338937983,
            "valid_acc": 0.544755459858505
        }
    },
    "mean": {
        "train_acc": 0.7820972093478851,
        "valid_acc": 0.5087744008424565
    }
}