,train_acc,valid_acc
holdout_climate,0.7907311226528166,0.4002635046113307
holdout_deathpenalty,0.8188677738741617,0.48610007942811756
holdout_guncontrol,0.8756825896590741,0.5457754765827253
holdout_immigration,0.8259488236304311,0.5056931140430146
holdout_samesex,0.8281796614258715,0.6248736097067745
holdout_tobacco,0.8421052631578947,0.5478314364810828
mean,0.8302525390667084,0.5184228701421743
