{
    "train_f1": 0.7249438202247191,
    "train_precision": 0.9578384798099763,
    "train_recall": 0.5831525668835864,
    "valid_f1": 0.40681601525262157,
    "valid_precision": 0.6634923719755126,
    "valid_recall": 0.29333677020234566,
    "valid_acc": 0.4839541177986854
}