,train_f1,train_precision,train_recall,valid_f1,valid_precision,valid_recall,valid_acc
1,0.6073511601257099,0.8397987410213719,0.4759713947278694,0.4345657575793527,0.6804376687301575,0.32667298268391226,0.5025783272837215
2,0.5744393584648433,0.8491671783633112,0.434089477503415,0.40911246568700294,0.7176469753861462,0.2931828444633076,0.5041614956603685
3,0.551684226147371,0.8569558988150457,0.4068272766838534,0.3885726602395949,0.7372034715938108,0.27075870025798665,0.4986084509434006
4,0.5303006505598394,0.8608459022657974,0.3835683962132624,0.37194597733394863,0.7554610999055947,0.253864856961786,0.4947426713844069
5,0.5054721868795392,0.8643028729909855,0.3574945186796222,0.3569073612417868,0.7696705145809742,0.2376641119813739,0.49431238471947775
mean,0.5538495164354604,0.8542141186913023,0.4115902127616045,0.3922208444163372,0.7320839460393367,0.2764286992696733,0.4988806659982751
