,train_acc,valid_acc,valid_acc_unbiased
climate,0.8908136482939633,0.4356985808514891,0.44689186488107135
deathpenalty,0.8607594936708861,0.42491910677905165,0.38521152079255383
guncontrol,0.8366028427111477,0.4753840094525404,0.44284166994879876
immigration,0.859408795962509,0.5040168406581604,0.4763930059715599
samesex,0.8841601611684714,0.4474531262573429,0.4090689627424157
tobacco,0.8882424984690753,0.4531476192339293,0.46202903086975233
mean,0.8699979067126753,0.4567698805387523,0.437072675867692
