{
    "holdout_climate": {
        "mean": {
            "train_acc": 0.8001997602876548,
            "valid_acc": 0.5175230566534914,
            "valid_acc_unbiased": 0.4144927536231884
        }
    },
    "holdout_deathpenalty": {
        "mean": {
            "train_acc": 0.8399473011817311,
            "valid_acc": 0.4500926661371459,
            "valid_acc_unbiased": 0.45724119671697117
        }
    },
    "holdout_guncontrol": {
        "mean": {
            "train_acc": 0.900132828257982,
            "valid_acc": 0.5663685573076018,
            "valid_acc_unbiased": 0.5142386443869146
        }
    },
    "holdout_immigration": {
        "mean": {
            "train_acc": 0.8367250558131547,
            "valid_acc": 0.5022591722392915,
            "valid_acc_unbiased": 0.4597867341406109
        }
    },
    "holdout_samesex": {
        "mean": {
            "train_acc": 0.8492902810728216,
            "valid_acc": 0.6049039433771486,
            "valid_acc_unbiased": 0.6038928210313448
        }
    },
    "holdout_tobacco": {
        "mean": {
            "train_acc": 0.8739735669038867,
            "valid_acc": 0.5296831744078745,
            "valid_acc_unbiased": 0.5130729006459551
        }
    },
    "mean": {
        "train_acc": 0.8500447989195385,
        "valid_acc": 0.5284717616870923,
        "valid_acc_unbiased": 0.49378750842416413
    }
}