,train_acc,valid_acc,valid_acc_unbiased
holdout_climate,0.8001997602876548,0.5175230566534914,0.4144927536231884
holdout_deathpenalty,0.8399473011817311,0.4500926661371459,0.45724119671697117
holdout_guncontrol,0.900132828257982,0.5663685573076018,0.5142386443869146
holdout_immigration,0.8367250558131547,0.5022591722392915,0.4597867341406109
holdout_samesex,0.8492902810728216,0.6049039433771486,0.6038928210313448
holdout_tobacco,0.8739735669038867,0.5296831744078745,0.5130729006459551
mean,0.8500447989195385,0.5284717616870923,0.49378750842416413
