,f1,precision,recall
mean,0.999868265050718,0.9997365648050579,1.0
