{
    "mean": {
        "f1": 0.999868265050718,
        "precision": 0.9997365648050579,
        "recall": 1.0
    }
}