{
    "mean": {
        "train_acc": 0.859408795962509,
        "valid_acc": 0.5040168406581604,
        "valid_acc_unbiased": 0.4763930059715599
    }
}