,train_acc,valid_acc,valid_acc_unbiased
mean,0.859408795962509,0.5040168406581604,0.4763930059715599
