{
    "holdout_climate": {
        "mean": {
            "train_f1": 0.8576054367379572,
            "train_precision": 0.8576054367379572,
            "train_recall": 0.8576054367379572,
            "valid_f1": 0.38814229249011856,
            "valid_precision": 0.38814229249011856,
            "valid_recall": 0.38814229249011856
        }
    },
    "holdout_deathpenalty": {
        "mean": {
            "train_f1": 0.8726081572324531,
            "train_precision": 0.8726081572324531,
            "train_recall": 0.8726081572324531,
            "valid_f1": 0.4283823140058247,
            "valid_precision": 0.4283823140058247,
            "valid_recall": 0.4283823140058247
        }
    },
    "holdout_guncontrol": {
        "mean": {
            "train_f1": 0.9157148483654982,
            "train_precision": 0.9157148483654982,
            "train_recall": 0.9157148483654982,
            "valid_f1": 0.4488114850553072,
            "valid_precision": 0.44881148505530716,
            "valid_recall": 0.44881148505530716
        }
    },
    "holdout_immigration": {
        "mean": {
            "train_f1": 0.890922369721184,
            "train_precision": 0.890922369721184,
            "train_recall": 0.890922369721184,
            "valid_f1": 0.4270739201156697,
            "valid_precision": 0.42707392011566964,
            "valid_recall": 0.42707392011566964
        }
    },
    "holdout_samesex": {
        "mean": {
            "train_f1": 0.8635229741691478,
            "train_precision": 0.8635229741691478,
            "train_recall": 0.8635229741691478,
            "valid_f1": 0.5854398382204247,
            "valid_precision": 0.5854398382204247,
            "valid_recall": 0.5854398382204247
        }
    },
    "holdout_tobacco": {
        "mean": {
            "train_f1": 0.8595797957666576,
            "train_precision": 0.8595797957666576,
            "train_recall": 0.8595797957666576,
            "valid_f1": 0.48969547831436483,
            "valid_precision": 0.48969547831436483,
            "valid_recall": 0.48969547831436483
        }
    },
    "mean": {
        "train_f1": 0.8766589303321496,
        "train_precision": 0.8766589303321496,
        "train_recall": 0.8766589303321496,
        "valid_f1": 0.461257554700285,
        "valid_precision": 0.4612575547002849,
        "valid_recall": 0.4612575547002849
    }
}