,train_f1,train_precision,train_recall,valid_f1,valid_precision,valid_recall
holdout_climate,0.8576054367379572,0.8576054367379572,0.8576054367379572,0.38814229249011856,0.38814229249011856,0.38814229249011856
holdout_deathpenalty,0.8726081572324531,0.8726081572324531,0.8726081572324531,0.4283823140058247,0.4283823140058247,0.4283823140058247
holdout_guncontrol,0.9157148483654982,0.9157148483654982,0.9157148483654982,0.4488114850553072,0.44881148505530716,0.44881148505530716
holdout_immigration,0.890922369721184,0.890922369721184,0.890922369721184,0.4270739201156697,0.42707392011566964,0.42707392011566964
holdout_samesex,0.8635229741691478,0.8635229741691478,0.8635229741691478,0.5854398382204247,0.5854398382204247,0.5854398382204247
holdout_tobacco,0.8595797957666576,0.8595797957666576,0.8595797957666576,0.48969547831436483,0.48969547831436483,0.48969547831436483
mean,0.8766589303321496,0.8766589303321496,0.8766589303321496,0.461257554700285,0.4612575547002849,0.4612575547002849
