,train_f1,train_precision,train_recall,valid_f1,valid_precision,valid_recall
1,0.9162023963284501,0.9162023963284501,0.9162023963284501,0.4369103930817803,0.4369103930817803,0.4369103930817803
2,0.8766589303321496,0.8766589303321496,0.8766589303321496,0.461257554700285,0.4612575547002849,0.4612575547002849
3,0.8462846979983771,0.8462846979983771,0.8462846979983771,0.47405477454698036,0.47405477454698036,0.47405477454698036
4,0.8227084594296779,0.8227084594296777,0.8227084594296777,0.48144516002352494,0.48144516002352494,0.48144516002352494
5,0.8029106833963886,0.8029106833963886,0.8029106833963886,0.4880931369442863,0.4880931369442863,0.4880931369442863
mean,0.8529530334970087,0.8529530334970087,0.8529530334970087,0.4683522038593714,0.4683522038593714,0.4683522038593714
