{
    "f1": 0.9983733959877101,
    "precision": 0.9983733959877101,
    "recall": 0.9983733959877101
}