,f1,precision,recall
mean,0.9983733959877101,0.9983733959877101,0.9983733959877101
