,f1,precision,recall
mean,0.9972889933128501,0.9972889933128501,0.9972889933128501
