,f1,precision,recall
mean,0.999873625679262,0.9997472832954258,1.0
