{
    "mean": {
        "f1": 0.999873625679262,
        "precision": 0.9997472832954258,
        "recall": 1.0
    }
}