,train_acc,valid_acc,valid_acc_unbiased
holdout_climate,0.7381542149420696,0.5159420289855072,0.416600790513834
holdout_deathpenalty,0.7666879591184925,0.44691554143500134,0.45724119671697117
holdout_guncontrol,0.8232400255817386,0.5678983290185926,0.5170628383148976
holdout_immigration,0.7721535291087068,0.5015362371227182,0.46195553949033075
holdout_samesex,0.7753427962523624,0.5942871587462083,0.6054095045500506
holdout_tobacco,0.7927582701180886,0.5235312211627192,0.519840049215626
mean,0.7780561325202431,0.5250184194117912,0.49635165313361834
