{
    "holdout_climate": {
        "mean": {
            "train_acc": 0.7381542149420696,
            "valid_acc": 0.5159420289855072,
            "valid_acc_unbiased": 0.416600790513834
        }
    },
    "holdout_deathpenalty": {
        "mean": {
            "train_acc": 0.7666879591184925,
            "valid_acc": 0.44691554143500134,
            "valid_acc_unbiased": 0.45724119671697117
        }
    },
    "holdout_guncontrol": {
        "mean": {
            "train_acc": 0.8232400255817386,
            "valid_acc": 0.5678983290185926,
            "valid_acc_unbiased": 0.5170628383148976
        }
    },
    "holdout_immigration": {
        "mean": {
            "train_acc": 0.7721535291087068,
            "valid_acc": 0.5015362371227182,
            "valid_acc_unbiased": 0.46195553949033075
        }
    },
    "holdout_samesex": {
        "mean": {
            "train_acc": 0.7753427962523624,
            "valid_acc": 0.5942871587462083,
            "valid_acc_unbiased": 0.6054095045500506
        }
    },
    "holdout_tobacco": {
        "mean": {
            "train_acc": 0.7927582701180886,
            "valid_acc": 0.5235312211627192,
            "valid_acc_unbiased": 0.519840049215626
        }
    },
    "mean": {
        "train_acc": 0.7780561325202431,
        "valid_acc": 0.5250184194117912,
        "valid_acc_unbiased": 0.49635165313361834
    }
}