,train_acc,valid_acc_unbiased,valid_acc_biased
holdout_climate,0.7867359168997203,0.3981554677206851,0.5251646903820817
holdout_deathpenalty,0.8141967422548706,0.48610007942811756,0.46677257082340484
holdout_guncontrol,0.8727308505928076,0.5501294422216992,0.5644857613556131
holdout_immigration,0.8202816417654131,0.4977408277607085,0.495210554852702
holdout_samesex,0.8249225943946279,0.6170374115267947,0.621840242669363
holdout_tobacco,0.8373738953624775,0.5499846201168871,0.5493694247923716
mean,0.8260402735449862,0.5165246414624821,0.5371405408125894
