,train_f1,train_precision,train_recall,valid_f1,valid_precision,valid_recall
mean,0.7498102504693804,0.7498102504693804,0.7498102504693804,0.49536669314270587,0.49536669314270587,0.49536669314270587
