{
    "mean": {
        "train_f1": 0.7498102504693804,
        "train_precision": 0.7498102504693804,
        "train_recall": 0.7498102504693804,
        "valid_f1": 0.49536669314270587,
        "valid_precision": 0.49536669314270587,
        "valid_recall": 0.49536669314270587
    }
}