{
    "train_f1": 0.855296431581905,
    "train_precision": 0.9626818469323213,
    "train_recall": 0.7694641051567239,
    "valid_f1": 0.29631979695431476,
    "valid_precision": 0.7005700570057005,
    "valid_recall": 0.18789732035084897,
    "valid_acc": 0.409592017381508
}