{
    "train_f1": 0.9296596434359806,
    "train_precision": 0.9821917808219178,
    "train_recall": 0.8824615384615384,
    "valid_f1": 0.4066485246251534,
    "valid_precision": 0.6391847689339931,
    "valid_recall": 0.2981728549630267,
    "valid_acc": 0.44426620759810637
}