,train_f1,train_precision,train_recall,valid_f1,valid_precision,valid_recall
mean,0.7451129322406556,0.7451129322406556,0.7451129322406556,0.5312252964426878,0.5312252964426878,0.5312252964426878
