{
    "mean": {
        "train_f1": 0.7451129322406556,
        "train_precision": 0.7451129322406556,
        "train_recall": 0.7451129322406556,
        "valid_f1": 0.5312252964426878,
        "valid_precision": 0.5312252964426878,
        "valid_recall": 0.5312252964426878
    }
}