{
    "f1": 0.7697637795275589,
    "precision": 0.9561815336463224,
    "recall": 0.6441750131787032
}