{
    "train_f1": 0.7008172796263865,
    "train_precision": 0.9223972339608144,
    "train_recall": 0.5650741350906096,
    "valid_f1": 0.3770211279902218,
    "valid_precision": 0.6485642196323441,
    "valid_recall": 0.2657542339503742,
    "valid_acc": 0.4522942103190232
}