{
    "train_acc": 0.8388347233642665,
    "valid_acc": 0.43289680976762507
}