,train_acc,valid_acc
mean,0.8388347233642665,0.43289680976762507
