,train_acc,valid_acc,valid_acc_unbiased
mean,0.8841601611684714,0.4474531262573429,0.4090689627424157
