{
    "mean": {
        "train_acc": 0.8841601611684714,
        "valid_acc": 0.4474531262573429,
        "valid_acc_unbiased": 0.4090689627424157
    }
}