{
    "mean": {
        "train_f1": 0.7683979894316277,
        "train_precision": 0.7683979894316277,
        "train_recall": 0.7683979894316277,
        "valid_f1": 0.49918669799385507,
        "valid_precision": 0.49918669799385507,
        "valid_recall": 0.49918669799385507
    }
}