,train_f1,train_precision,train_recall,valid_f1,valid_precision,valid_recall
mean,0.7683979894316277,0.7683979894316277,0.7683979894316277,0.49918669799385507,0.49918669799385507,0.49918669799385507
