{
    "holdout_climate": {
        "mean": {
            "train_f1": 0.5607506875910047,
            "train_precision": 0.8613320079522863,
            "train_recall": 0.4156872151595107,
            "valid_f1": 0.30293092846894853,
            "valid_precision": 0.6817343173431735,
            "valid_recall": 0.19472990777338603,
            "valid_acc": 0.4819499341238472
        }
    },
    "holdout_deathpenalty": {
        "mean": {
            "train_f1": 0.559903804110188,
            "train_precision": 0.886159169550173,
            "train_recall": 0.40923617769255355,
            "valid_f1": 0.4029539251886338,
            "valid_precision": 0.5118270799347472,
            "valid_recall": 0.3322742917659518,
            "valid_acc": 0.4191157002912364
        }
    },
    "holdout_guncontrol": {
        "mean": {
            "train_f1": 0.5841090861413399,
            "train_precision": 0.8738721067085131,
            "train_recall": 0.4386569515557306,
            "valid_f1": 0.45623605256632777,
            "valid_precision": 0.7664537628436545,
            "valid_recall": 0.3247823017180513,
            "valid_acc": 0.5471875735467169
        }
    },
    "holdout_immigration": {
        "mean": {
            "train_f1": 0.5832187070151307,
            "train_precision": 0.8757314974182444,
            "train_recall": 0.43718852036432376,
            "valid_f1": 0.28837072018890203,
            "valid_precision": 0.7860016090104586,
            "valid_recall": 0.1765769022230255,
            "valid_acc": 0.47786011205494305
        }
    },
    "holdout_samesex": {
        "mean": {
            "train_f1": 0.5476831748474689,
            "train_precision": 0.8640305237599722,
            "train_recall": 0.40090126337812826,
            "valid_f1": 0.5448570489648373,
            "valid_precision": 0.7784037558685446,
            "valid_recall": 0.4191102123356926,
            "valid_acc": 0.5819009100101112
        }
    },
    "holdout_tobacco": {
        "mean": {
            "train_f1": 0.56661223199705,
            "train_precision": 0.8668600902643456,
            "train_recall": 0.42084670161984505,
            "valid_f1": 0.4205567451820128,
            "valid_precision": 0.6920366455250176,
            "valid_recall": 0.302060904337127,
            "valid_acc": 0.5312211627191633
        }
    },
    "mean": {
        "train_f1": 0.5670462819503638,
        "train_precision": 0.871330899275589,
        "train_recall": 0.42041947162834864,
        "valid_f1": 0.4026509034266104,
        "valid_precision": 0.7027428617542659,
        "valid_recall": 0.2915890866922057,
        "valid_acc": 0.5065392321243364
    }
}