{
    "holdout_climate": {
        "mean": {
            "train_f1": 0.7900059964021587,
            "train_precision": 0.7900059964021587,
            "train_recall": 0.7900059964021587,
            "valid_f1": 0.43610013175230566,
            "valid_precision": 0.43610013175230566,
            "valid_recall": 0.43610013175230566
        }
    },
    "holdout_deathpenalty": {
        "mean": {
            "train_f1": 0.8023409099988016,
            "train_precision": 0.8023409099988016,
            "train_recall": 0.8023409099988016,
            "valid_f1": 0.4291765951813609,
            "valid_precision": 0.42917659518136086,
            "valid_recall": 0.42917659518136086
        }
    },
    "holdout_guncontrol": {
        "mean": {
            "train_f1": 0.8303465931469083,
            "train_precision": 0.8303465931469083,
            "train_recall": 0.8303465931469083,
            "valid_f1": 0.5015297717109908,
            "valid_precision": 0.5015297717109908,
            "valid_recall": 0.5015297717109908
        }
    },
    "holdout_immigration": {
        "mean": {
            "train_f1": 0.8147527602354255,
            "train_precision": 0.8147527602354255,
            "train_recall": 0.8147527602354255,
            "valid_f1": 0.4549069221037412,
            "valid_precision": 0.4549069221037412,
            "valid_recall": 0.4549069221037412
        }
    },
    "holdout_samesex": {
        "mean": {
            "train_f1": 0.7896113301681822,
            "train_precision": 0.7896113301681822,
            "train_recall": 0.7896113301681822,
            "valid_f1": 0.5980788675429727,
            "valid_precision": 0.5980788675429727,
            "valid_recall": 0.5980788675429727
        }
    },
    "holdout_tobacco": {
        "mean": {
            "train_f1": 0.7904065104268555,
            "train_precision": 0.7904065104268555,
            "train_recall": 0.7904065104268555,
            "valid_f1": 0.5087665333743464,
            "valid_precision": 0.5087665333743464,
            "valid_recall": 0.5087665333743464
        }
    },
    "mean": {
        "train_f1": 0.8029106833963886,
        "train_precision": 0.8029106833963886,
        "train_recall": 0.8029106833963886,
        "valid_f1": 0.4880931369442863,
        "valid_precision": 0.4880931369442863,
        "valid_recall": 0.4880931369442863
    }
}