,train_f1,train_precision,train_recall,valid_f1,valid_precision,valid_recall
holdout_climate,0.7900059964021587,0.7900059964021587,0.7900059964021587,0.43610013175230566,0.43610013175230566,0.43610013175230566
holdout_deathpenalty,0.8023409099988016,0.8023409099988016,0.8023409099988016,0.4291765951813609,0.42917659518136086,0.42917659518136086
holdout_guncontrol,0.8303465931469083,0.8303465931469083,0.8303465931469083,0.5015297717109908,0.5015297717109908,0.5015297717109908
holdout_immigration,0.8147527602354255,0.8147527602354255,0.8147527602354255,0.4549069221037412,0.4549069221037412,0.4549069221037412
holdout_samesex,0.7896113301681822,0.7896113301681822,0.7896113301681822,0.5980788675429727,0.5980788675429727,0.5980788675429727
holdout_tobacco,0.7904065104268555,0.7904065104268555,0.7904065104268555,0.5087665333743464,0.5087665333743464,0.5087665333743464
mean,0.8029106833963886,0.8029106833963886,0.8029106833963886,0.4880931369442863,0.4880931369442863,0.4880931369442863
