,train_f1,train_precision,train_recall,valid_f1,valid_precision,valid_recall,valid_acc
holdout_climate,0.5204178537511872,0.8635520949202818,0.3724314383944991,0.2123933542882802,0.7177541729893778,0.1246376811594203,0.3378129117259552
holdout_deathpenalty,0.47486357831185416,0.8683651804670913,0.32678171939916906,0.35810550635348476,0.6563161609033169,0.24622716441620335,0.44903362456976437
holdout_guncontrol,0.4904674481005507,0.8669495756365452,0.34196534068530915,0.38651315789473684,0.8646770237121831,0.24888208990350671,0.5669569310425983
holdout_immigration,0.5316561344938596,0.8681853582554517,0.3831414332359512,0.31615417929839756,0.7855093256814921,0.19790348816193748,0.4912344117115489
holdout_samesex,0.4999144568006844,0.8580657791699295,0.352699766637161,0.5214127282033783,0.8020997375328084,0.3862487360970677,0.5874620829120324
holdout_tobacco,0.5155136498190989,0.8606992494966136,0.36794741372564366,0.34686524141244296,0.7916666666666666,0.22208551215010766,0.5333743463549677
mean,0.5054721868795392,0.8643028729909855,0.3574945186796222,0.3569073612417868,0.7696705145809742,0.2376641119813739,0.49431238471947775
