{
    "f1": 0.8047552933009372,
    "precision": 0.8047552933009372,
    "recall": 0.8047552933009372
}