{
    "f1": 0.8056577577230128,
    "precision": 0.8056577577230128,
    "recall": 0.8056577577230128
}