,train_acc,valid_acc
mean,0.8955380577427822,0.3629022586448131
