{
    "mean": {
        "train_acc": 0.8955380577427822,
        "valid_acc": 0.3629022586448131
    }
}