{
    "holdout_climate": {
        "mean": {
            "train_f1": 0.5799081994575424,
            "train_precision": 0.8340585146286572,
            "train_recall": 0.4444710961861358,
            "valid_f1": 0.2615576842982091,
            "valid_precision": 0.6236345580933466,
            "valid_recall": 0.16548089591567852,
            "valid_acc": 0.34677206851119896
        }
    },
    "holdout_deathpenalty": {
        "mean": {
            "train_f1": 0.622379746835443,
            "train_precision": 0.8495991152889134,
            "train_recall": 0.49105145413870244,
            "valid_f1": 0.4355021904916437,
            "valid_precision": 0.5624476110645432,
            "valid_recall": 0.35530844585649984,
            "valid_acc": 0.4532697908392904
        }
    },
    "holdout_guncontrol": {
        "mean": {
            "train_f1": 0.6362127267138027,
            "train_precision": 0.8469471271893927,
            "train_recall": 0.5094525403702245,
            "valid_f1": 0.48574721475220894,
            "valid_precision": 0.699800752711977,
            "valid_recall": 0.37196987526476816,
            "valid_acc": 0.5457754765827253
        }
    },
    "holdout_immigration": {
        "mean": {
            "train_f1": 0.6129191051796751,
            "train_precision": 0.8431903686982694,
            "train_recall": 0.4814401099845334,
            "valid_f1": 0.3850437549721559,
            "valid_precision": 0.7227476356396217,
            "valid_recall": 0.2624254473161034,
            "valid_acc": 0.5075004518344478
        }
    },
    "holdout_samesex": {
        "mean": {
            "train_f1": 0.5822110867522706,
            "train_precision": 0.8285544495617293,
            "train_recall": 0.44878088034119257,
            "valid_f1": 0.5719739144265945,
            "valid_precision": 0.7713427713427713,
            "valid_recall": 0.4544994944388271,
            "valid_acc": 0.6097067745197169
        }
    },
    "holdout_tobacco": {
        "mean": {
            "train_f1": 0.6104760958155253,
            "train_precision": 0.8364428707612692,
            "train_recall": 0.4806322873464277,
            "valid_f1": 0.46756978653530373,
            "valid_precision": 0.702652683528686,
            "valid_recall": 0.3503537373115964,
            "valid_acc": 0.5524454014149492
        }
    },
    "mean": {
        "train_f1": 0.6073511601257099,
        "train_precision": 0.8397987410213719,
        "train_recall": 0.4759713947278694,
        "valid_f1": 0.4345657575793527,
        "valid_precision": 0.6804376687301575,
        "valid_recall": 0.32667298268391226,
        "valid_acc": 0.5025783272837215
    }
}