{
    "mean": {
        "train_acc": 0.8665611814345991,
        "valid_acc": 0.40562457556026044
    }
}