,train_acc,valid_acc
mean,0.8665611814345991,0.40562457556026044
