,train_f1,train_precision,train_recall,valid_f1,valid_precision,valid_recall
mean,0.7680113416677405,0.7680113416677407,0.7680113416677407,0.5127417314296042,0.5127417314296042,0.5127417314296042
