{
    "mean": {
        "train_f1": 0.7680113416677405,
        "train_precision": 0.7680113416677407,
        "train_recall": 0.7680113416677407,
        "valid_f1": 0.5127417314296042,
        "valid_precision": 0.5127417314296042,
        "valid_recall": 0.5127417314296042
    }
}