{
    "train_f1": 0.7914691943127963,
    "train_precision": 0.9556509298998569,
    "train_recall": 0.6754297269969667,
    "valid_f1": 0.2752353556485356,
    "valid_precision": 0.7337051237364935,
    "valid_recall": 0.16938923312142914,
    "valid_acc": 0.4116037659934015
}