{
    "train_f1": 0.7459212019249579,
    "train_precision": 0.7459212019249579,
    "train_recall": 0.7459212019249579,
    "valid_f1": 0.5727468471239618,
    "valid_precision": 0.5727468471239618,
    "valid_recall": 0.5727468471239618
}