,train_f1,train_precision,train_recall,valid_f1,valid_precision,valid_recall
mean,0.7459212019249579,0.7459212019249579,0.7459212019249579,0.5727468471239618,0.5727468471239618,0.5727468471239618
