{
    "f1": 0.8029503644567858,
    "precision": 0.8029503644567858,
    "recall": 0.8029503644567858
}