{
    "f1": 0.802707393266227,
    "precision": 0.802707393266227,
    "recall": 0.802707393266227
}