{
    "f1": 0.8267962513016314,
    "precision": 0.8267962513016314,
    "recall": 0.8267962513016314
}