{
    "train_f1": 0.6770508826583593,
    "train_precision": 0.9157303370786517,
    "train_recall": 0.5370675453047776,
    "valid_f1": 0.3687166725915393,
    "valid_precision": 0.663341007930417,
    "valid_recall": 0.25531705395825127,
    "valid_acc": 0.4524911382434029
}