{
    "mean": {
        "train_f1": 0.7865793619535248,
        "train_precision": 0.786579361953525,
        "train_recall": 0.786579361953525,
        "valid_f1": 0.5693104259825842,
        "valid_precision": 0.5693104259825842,
        "valid_recall": 0.5693104259825842
    }
}