,train_f1,train_precision,train_recall,valid_f1,valid_precision,valid_recall
mean,0.7865793619535248,0.786579361953525,0.786579361953525,0.5693104259825842,0.5693104259825842,0.5693104259825842
