{
    "mean": {
        "train_f1": 0.7758912046350688,
        "train_precision": 0.7758912046350688,
        "train_recall": 0.7758912046350688,
        "valid_f1": 0.602881698685541,
        "valid_precision": 0.602881698685541,
        "valid_recall": 0.602881698685541
    }
}