{
    "mean": {
        "train_acc": 0.6001982160555005,
        "valid_acc": 0.5672222222222222
    }
}