,train_acc,valid_acc
mean,0.6001982160555005,0.5672222222222222
