{
    "train_acc": 0.8879375472173257,
    "valid_acc": 0.39575118693168104
}