,train_acc,valid_acc
mean,0.8879375472173257,0.39575118693168104
