{
    "f1": 0.9951927437641723,
    "precision": 0.9989075018208303,
    "recall": 0.9915055123802639
}