,f1,precision,recall
mean,0.9980119284294234,0.9980119284294234,0.9980119284294234
