{
    "mean": {
        "f1": 0.9980119284294234,
        "precision": 0.9980119284294234,
        "recall": 0.9980119284294234
    }
}