,f1,precision,recall
mean,0.9951927437641723,0.9989075018208303,0.9915055123802639
