{
    "climate": {
        "mean": {
            "f1": 1.0,
            "precision": 1.0,
            "recall": 1.0
        }
    },
    "deathpenalty": {
        "mean": {
            "f1": 0.9962894248608535,
            "precision": 0.9973467763332449,
            "recall": 0.9952343129467831
        }
    },
    "guncontrol": {
        "mean": {
            "f1": 0.9329495022190237,
            "precision": 0.951320939334638,
            "recall": 0.9152741821605084
        }
    },
    "immigration": {
        "mean": {
            "f1": 0.9979179867837422,
            "precision": 0.9996372869060574,
            "recall": 0.9962045906379903
        }
    },
    "samesex": {
        "mean": {
            "f1": 1.0,
            "precision": 1.0,
            "recall": 1.0
        }
    },
    "tobacco": {
        "mean": {
            "f1": 1.0,
            "precision": 1.0,
            "recall": 1.0
        }
    },
    "mean": {
        "f1": 0.9878594856439366,
        "precision": 0.9913841670956568,
        "recall": 0.9844521809575468
    }
}