,f1,precision,recall
climate,1.0,1.0,1.0
deathpenalty,1.0,1.0,1.0
guncontrol,0.9699929395151801,0.9699929395151801,0.9699929395151801
immigration,0.9972889933128501,0.9972889933128501,0.9972889933128501
samesex,1.0,1.0,1.0
tobacco,1.0,1.0,1.0
mean,0.9945469888046716,0.9945469888046716,0.9945469888046716
