{
    "climate": {
        "mean": {
            "f1": 1.0,
            "precision": 1.0,
            "recall": 1.0
        }
    },
    "deathpenalty": {
        "mean": {
            "f1": 1.0,
            "precision": 1.0,
            "recall": 1.0
        }
    },
    "guncontrol": {
        "mean": {
            "f1": 0.9699929395151801,
            "precision": 0.9699929395151801,
            "recall": 0.9699929395151801
        }
    },
    "immigration": {
        "mean": {
            "f1": 0.9972889933128501,
            "precision": 0.9972889933128501,
            "recall": 0.9972889933128501
        }
    },
    "samesex": {
        "mean": {
            "f1": 1.0,
            "precision": 1.0,
            "recall": 1.0
        }
    },
    "tobacco": {
        "mean": {
            "f1": 1.0,
            "precision": 1.0,
            "recall": 1.0
        }
    },
    "mean": {
        "f1": 0.9945469888046716,
        "precision": 0.9945469888046716,
        "recall": 0.9945469888046716
    }
}