,f1,precision,recall
climate,1.0,1.0,1.0
deathpenalty,0.9962894248608535,0.9973467763332449,0.9952343129467831
guncontrol,0.9329495022190237,0.951320939334638,0.9152741821605084
immigration,0.9979179867837422,0.9996372869060574,0.9962045906379903
samesex,1.0,1.0,1.0
tobacco,1.0,1.0,1.0
mean,0.9878594856439366,0.9913841670956568,0.9844521809575468
