,train_acc,valid_acc
0,0.6060654112983151,0.5755555555555556
1,0.6052329038652131,0.5719444444444445
2,0.6045589692765114,0.5794444444444444
mean,0.6052857614800132,0.5756481481481481
