{
    "0": {
        "mean": {
            "train_acc": 0.6060654112983151,
            "valid_acc": 0.5755555555555556
        }
    },
    "1": {
        "mean": {
            "train_acc": 0.6052329038652131,
            "valid_acc": 0.5719444444444445
        }
    },
    "2": {
        "mean": {
            "train_acc": 0.6045589692765114,
            "valid_acc": 0.5794444444444444
        }
    },
    "mean": {
        "train_acc": 0.6052857614800132,
        "valid_acc": 0.5756481481481481
    }
}