,train_acc,valid_acc,valid_acc_unbiased
mean,0.8882424984690753,0.4531476192339293,0.46202903086975233
