{
    "mean": {
        "train_acc": 0.8882424984690753,
        "valid_acc": 0.4531476192339293,
        "valid_acc_unbiased": 0.46202903086975233
    }
}