,train_f1,train_precision,train_recall,valid_f1,valid_precision,valid_recall
holdout_climate,0.8083150109934041,0.808315010993404,0.808315010993404,0.4213438735177866,0.42134387351778657,0.42134387351778657
holdout_deathpenalty,0.821675388487197,0.8216753884871969,0.8216753884871969,0.4267937516547525,0.4267937516547525,0.4267937516547525
holdout_guncontrol,0.8537810161480898,0.8537810161480898,0.8537810161480898,0.4894092727700635,0.4894092727700635,0.4894092727700635
holdout_immigration,0.8356317394853289,0.8356317394853289,0.8356317394853289,0.44713536960057837,0.44713536960057837,0.44713536960057837
holdout_samesex,0.8085217671199808,0.8085217671199807,0.8085217671199807,0.5970677451971689,0.5970677451971689,0.5970677451971689
holdout_tobacco,0.8083258343440667,0.8083258343440667,0.8083258343440667,0.5069209474007997,0.5069209474007997,0.5069209474007997
mean,0.8227084594296779,0.8227084594296777,0.8227084594296777,0.48144516002352494,0.48144516002352494,0.48144516002352494
