,train_acc,valid_acc
mean,0.8891610532761788,0.4444227082436715
