{
    "mean": {
        "train_acc": 0.8891610532761788,
        "valid_acc": 0.4444227082436715
    }
}