{
    "train_f1": 0.871199557766722,
    "train_precision": 0.9609756097560975,
    "train_recall": 0.7967644084934277,
    "valid_f1": 0.3073036861473212,
    "valid_precision": 0.6831669439822518,
    "valid_recall": 0.19823770821598133,
    "valid_acc": 0.40782167860304175
}