,train_acc,valid_acc
holdout_climate,0.8250099880143827,0.5072463768115942
holdout_deathpenalty,0.8344778026189715,0.4604183214191157
holdout_guncontrol,0.8492645250159886,0.5653094845846082
holdout_immigration,0.840889575820024,0.5037050424724381
holdout_samesex,0.8262093369254896,0.6256319514661274
holdout_tobacco,0.8269727066551967,0.5490618271301139
mean,0.833803989175009,0.5352288339806662
