{
    "train_f1": 0.836266030420519,
    "train_precision": 0.9629120879120879,
    "train_recall": 0.739061676331049,
    "valid_f1": 0.3625793757266792,
    "valid_precision": 0.713062851782364,
    "valid_recall": 0.24309414351389166,
    "valid_acc": 0.4346192284629222
}